Subject,From,Date,Body,Category,Message-ID
idsoajfoi,noahps@stanford.edu,2025-02-15 09:02:29+00:00,"Newsletter 2 - Commodities & Energy: ""Agricultural commodities are experiencing unprecedented volatility due to extreme weather patterns affecting major farming regions. Wheat futures have jumped 15% following reports of drought conditions in key growing areas of Australia and Argentina. The energy sector presents a different picture - natural gas prices remain subdued despite the seasonal transition, largely due to robust storage levels and increased LNG terminal capacity in Europe. We're seeing interesting opportunities in agricultural REITs and midstream energy companies that have been overlooked by mainstream investors.""

",Finance,"
 <BYAPR02MB594358B87FD33F045C5C7F80BCF92@BYAPR02MB5943.namprd02.prod.outlook.com>"
Israel says it has received 3 hostages released by Hamas,alerts@apnews.com,2025-02-15 04:05:34-05:00,,Global News,<20250215040534.38630084.102414@sailthru.com>
asiojdf,noahps@stanford.edu,2025-02-15 09:25:02+00:00,"Newsletter 1 - Tech Sector Focus: ""The semiconductor shortage that plagued the industry last year has finally shown signs of easing, with major fabrication plants reporting increased production capacity. TSMC's new $12 billion Arizona facility is expected to significantly boost North American chip production. Meanwhile, AI chip demand continues to surge, with smaller players like AMD and MediaTek gaining market share in the specialized AI processor segment. Our analysis suggests looking beyond the usual suspects (NVIDIA, Intel) to identify emerging opportunities in this space.""

",Finance,"
 <BYAPR02MB5943354FEF7E47ED492BECFFBCF92@BYAPR02MB5943.namprd02.prod.outlook.com>"
Account confirmation: Your Google Cloud free trial,CloudPlatform-noreply@google.com,2025-02-15 01:36:43-08:00,"Google Cloud  
<https://notifications.google.com/g/p/ANiao5ppB12tZHsn9PO4geH0IhGsGRnPsx7a3XPVFfpjkYZDb-QaL14QuvH4LuIPxcgTY2OvzDov_98sRXe8ZE9CCk0egp2XpAgmETuS9WJPh51P3FFxWoFlU4kKf0OmZZaUqMg_Xc0TuST8U-jc3vszHlgOVSvgWRBNdk0HDSBHdcXDWMLnVPdKbcc0T-xRIyuEjX0L2v2e3vC9zBAE2ZPo6szuFXEGpag7cA2rftJg24ISdgs-nl65A2NnDmkHXMcnEA7Pkg>

Go to my console  
<https://notifications.google.com/g/p/ANiao5oByUKRjvt42v2S1YS-POrsf5HvdRYRdLnTXFzvTEnGCQBunRkoAVC5418zsDOM76uNBd1xx4hQNCZGcjBA3X6gVNgcBaLVRnJ4KxEMlokYkFdAshTl7uhvAzQzvOine8NS1awKOH2MwaEJi2JSa6V5B9U-IU8YNQmh9wi2jS4lWqohN7IDj1-k2_IA3XSp0K7ug_xKwkriAYopB6RpzQKmkR08NQKsqP_NMszv5kcisrclFKs-QsZZD_zFKvSSn-yiXQNruU71GVY372Xj>

Welcome to Google Cloud.

Learn the fundamentals with this tutorial  
<https://notifications.google.com/g/p/ANiao5pYrmWeYhLz3SfjO6toNrDMcgPcKipLA7oUPEBVdLE0RnK8CIgsA65d1wthwkzrf64vY7b2FdLo04Ghgbt1R1lmxNNZqEJCxIACEoBNJ-pGwiTOI5ofiFRaorq0zNszkttjO4_UbzPweqjhw49SWVepS6OSpY9jon6PRDTIZNAKVwKobTgj4AMV3SNZJc4Yby_F3RxC2BAnpDO9B9xukwSYBEIP5Jlf4Nu03yLu4smjWKnuxIGipT7RjiZQFgZK2SDxLbY-cZgxl3gpg0Rk-mXKc5lMZOPQ3_2Zj5eS9vd3tQBtX2nLFtNfnhWIsT6QMxy0QIXvLkyILwOVCmOpkmKq6QEGoVEjRQCB0PS-uYjNCDw>  
– and see what else you can do for free on Google Cloud with our Always  
Free tier.

Go to my console  
<https://notifications.google.com/g/p/ANiao5oBPOMnQQQEgNz0SGcp6X7qkG_KUnSkAEJmpERpy9XvtLzuCCH1rx8e4EVBiQg-qyJrti35F3_6sJFMZVTqViluoTJ9dM0dHmnju1TmGZWEnuMe8AUFzcmnU7Qyi-LltQztcylKUY2kvDK04zxaO2SMAtJqTDNg8OE9b-jAIjFYHYfJCPuTrF4IXb0Zes-BJEOzcWpEHnoz6S4w9OoUSAWKg6AVY1u4y4FYQyTIR_94TIr0-KpkW976PQPA13NOdiYdqbuk1QUskvG8bTGGgvbbrkwULSCOAU104XKJq-r_xg>

Beginning today, you have $300 USD in credit which you can use to:

- Evaluate Google Cloud risk-free*

- Explore a wide range of Google Cloud products and services – from Compute  
Engine  
<https://notifications.google.com/g/p/ANiao5qaZRQBUrbM1IuVMnK_P1jhLOjCxFoBTNGMaoA3__0I_j2Uwym6sX6GxzTyWplfLJa8JMdpoIdk6y2jO4Sy76-PpyZeKSC3R2SoHgn4wTcNjXDDRktlLooj_5c-2ma3fIL5_6D1JFQ170iiqG1WfEB3iurBuXDNGZF1WYM>  
and BigQuery  
<https://notifications.google.com/g/p/ANiao5oK4jv52P9-_sXFA3skB6GSxdm6_v0r4JWkRHKg_QDOcE7pb_oK9k6ooo3kyeUQTz2Ux4zfVB-D55s2cKpsGAoy78TrpTFNiMH0G1Slc10LiiOlOLY6tD4jD8Af__sGCfbseno5pASOiuq1tlea>  
to industry-leading AI  
<https://notifications.google.com/g/p/ANiao5q0O-ARoPyEF8qs2STmzQWqKuRsdX2zQ9MrguPSPFDJ-Qd0KTNSY23-LMfLj6dh5AJICMBxuIprtCfhxWY4fMH01FgZJ5IC4RZ7g6NSqKaJKDtK6f9F0YbXZO13nfKsaamPxO52nTTzUIAazRq9VJEkBymeuZ4gPTBi18_8Dm3nDfdt>.

- Easily check your credit usage by visiting the billing section  
<https://notifications.google.com/g/p/ANiao5pWQ1tShR9j61RTDpME90fCCMt20n0JumURzoaGxy4vvYbxwPS_c1A_1Cna-oxu6UvTZXswJprkZhNLMiP1VGkffOm4Vfuhsc9PMigZkOW1uG-Lsw09RgI02-CZKMs8OILNGGzp35q8_0njYG6nR_-Vm_rl>  
of your Google Cloud console


See what’s always free.

Before diving into your free trial, take a moment to explore over 20  
always-free products in our Always Free tier  
<https://notifications.google.com/g/p/ANiao5pL86zM-gepty7ywwjF0v3uQ4iz-cLzEQYS6EEsYPfNxzRT9dXkFfHknj3l6Ku_Cn7-WUCPVs4-mAfFWGxysiPLq3XTxP2KGkVRCwZIDqRzD5SIWpzZGTAfCM4gIT7_q3Wk9VrrAfKxu7NktmXCqfjWBB4cZNB-ebseDRtOy1tjSKHh-AhDxbE89ybJun8iFHFj7o3tewdE-KeOhUUO83Z5_APQnl_7ssp6u4g0kndWVrS0AMgXfYR9w3IF4gtdBAHegh6jA5NpCMDxtD-9lL-9OQK9gO1FqngtE4mNLT5ZLP8Fv17nq194iGZqxkInV0zbjbUxdHrWtDmE>.  
There’s no charge or credit cost to use these products up to their  
specified usage limit.

Get hands-on now with this quick Cloud console Tour  
<https://notifications.google.com/g/p/ANiao5qQ9LHQ7nD5aw8HyC7104XjZ4SFvhYuIt4Basg1lHJpDOq6WpOrqsWndQSsxUTa2cnztxdf6FYqOrSr1ECqEXjhhgO7nINxB3_GtgCUNR_YFdzykaZi0xFmQCuaWaIqIlOGWut5vKTrX_Ij--48-GkM_W2_OSb1pqL0c_0cSAX5iOjdYvvQ003Dn_P94BOQUFlk6SS8KNigMWDn-tdmsP7x73QCfDzGnK0pFx_rpEFSnH8uJNqqtVcwHNxq-52dIOa52MKSxDLoh6YwIajYL8m0BFFWPGsEVAbSFAQc3fT9mpG41oebjEDeIw2v5z9ZaiUCkE67kC6xI7V_Hlc-ygSpjRdHanhaxt_uhq8XfydMyq5Lrh5sBTElkoJeoQSY>,  
highlighting how to easily navigate, organize, and manage your projects. To  
start exploring on your own, just visit your Cloud console.

Go to my console  
<https://notifications.google.com/g/p/ANiao5qb5MLPe-ltFQQzmNvWJNGL8FXIHlDfQQIIZ4XFsNDBBdu6wKHc7Fj6vVt7Apc25jacKka4CMkt0zfsMxlatA_LXyx3gJnjLyXGpK-LKnEigV8pB4eHhi04N_g13x9oG-81FilzGhBJ46rP5Bv6hjR5roD0phm96-8F6EF2OUPFJffGgpf5s9nStiUL5EoxAdh2fn9MJGe0unTjNQkrE4-5V7vo4j1Jzzu9e7lOV4huCB7FvzWtF3E1qHgSsmA9EER-SICt49bSCHWnJ5zJOZnC1D4nxgnaoPt5XcevO7sv>

See you in the cloud,
The Google Cloud Team

* Your free trial stays free. If you use a credit or debit card, there’s no  
charge unless you turn on automatic billing. If you use NetBanking, you can  
request a refund of your one-time prepayment by closing your Cloud billing  
account.


Support  
<https://notifications.google.com/g/p/ANiao5paOxtDc_zXUXRVc5cp2SnVzLsNWYkUnCZ9ik_FslqPiKtX0RjH5wcO6AyASmDf4qisy-d8A9zlTUh6gGOqg0lUE92e4y6txiY64AXTWMg6egYyb_ahL4EGEZ_iMMacCq2YNny3gY4-7jdIXt2OM4qh8_PjePMzKUMBICTvo-qxkskCCvV2XoyrITTVuhjxrpqFeDSLF-S4awNgo6C7Z5OTncx86wYSb42yz_NoenEW9nOlCoVI2MdetgYBFn0mUipPpVIN1UvruSLHsw>

Forums  
<https://notifications.google.com/g/p/ANiao5q2WXUwVOG9_UZtsGzwRfhCFy_7Z2LjwV6t2Pn768V9v9nX2QlBS8AVa_H_k1NCXNEfAqmCK4xHBCxWA0Vq8IwNy6bzpKnkKabydryFs1Z-qVFQ4LFRQXU3_poShGshr2Wba0mmcSW4>

Documentation  
<https://notifications.google.com/g/p/ANiao5op_dGNsRz-WXJCYHOiIVJBuhGc9TBbgybSm37a5Hn-kQNHpq5hqm2ti0v8c620jOlNvZCNXqeVXxUZFMHm6MmVKa1bjjcIo8yWrKJVZGqPaGmWzzt2oeVr4707Xxm9z5wFNxtml04yaLsDwTEt1MMKejzBIvFBxjUSIVw91LPe42v3GXvmKynH1kPrEIyvxaNe804_7J6CCDPfdscbbTdKyBquf7dFTkofImz0gg_b77xsbMJlBa1hzK-rMaRpo-Ek4eawp-Oiv_ih>

Tutorials  
<https://notifications.google.com/g/p/ANiao5q7K_L7J4AEIDqTgrU0x4_wtbbOyKuvXyhI5Hpy4qlZmef_oNHi3n-JKCtfHfpuxRPRwWf3uZ7LZBLbId6pMRDTH2hQenHdTR4Cr0xMVP5nFGuAJlXsiZCTpuI9uJylLEAMHnSaNaXDz9lYS6UdmbF91luUR6j4uepN3cuU0JDWD1l7YJZEO6gRhwGZmb8T3cu4cInGPT3c1xjg4TtB2dgGBrAJGE_EjTz2E8ZlM1F0rLxj5Sv0GBQY3dlDPjv-X8o4FUkh7MorwClLkH6JsyBC>

Google Cloud

Google LLC 1600 Amphitheatre Parkway, Mountain View, CA 94043

You have received this mandatory service announcement to update you about  
important changes to Google Cloud or your account.


Google Cloud Blog  
<https://notifications.google.com/g/p/ANiao5ooum2tGcZ6zLVsHnSuxU98JzwUKQSn5vv09p0HoMEYvQ-5laYviA5YGL2bJLbkbyv2uc7cJ5f6VM6SLmcwzUgOxUUNRPJtqmkj3UsR1IKM1a-0HJuRB2JK6FZnlU0OVh8ICdw566LFIUgbnMJqAQPJZmhTavLZU7nC1ClUSbrg4G_KzVnCZ0PQBZYNsn-RVmoI5bCRiNXOSsna1nXOxqfxq9Sf6vtzx99JaR4hHRMjwdzGyiOmbqHpVlHauy9FGeoi>

GitHub  
<https://notifications.google.com/g/p/ANiao5ohLk-iLhwTaT0aZljg8RU9N57aJPEgdqNgoAGoMstqHk1C3ttklDX2Y2QsA1X4vXgVet1TIz4qpf2Vp1uv5gGNW9hLb4yeVqcQni0s786pPN6adZ5QHY8D5e7nPc8Sz7-bLlDoiyRScA>

LinkedIn  
<https://notifications.google.com/g/p/ANiao5pusS1NtgA5LIUg-Gw0s5CsAR6mxMQzQwiJDBEVujMdBn28gBZWgV_376mdd-We1cJUVIuJFxb5l8tf0aw4bGWYdaWHjQQ6NzbqHL2zWyMldRHOiMRJYc_Z8TkaduMdmmcuvg4rf1hi-ZBCYP9SAKaYCkex>

Twitter  
<https://notifications.google.com/g/p/ANiao5qLPmhvUlkwIWqbcy7haFebp8HGuRC7Tdg_ufyjP6uoGGZVV1laxwj9AVcFsgNhUSw-o3BibAgzR3F4icMn_ibdjJOSxspKE40SGG-dL1eKv1s4X769fD3jEShXO_IpfKdKPA>

Facebook  
<https://notifications.google.com/g/p/ANiao5qJs_iupWqsZyKz5_pRXZNjDpRXj2aaV4SUQZRyzHFRXlrNKJZ_IKVua3xnj_8etLmfkXVurhsLd7h0nkNk7NwupdaEwVlwcrAI9gaB7fD53a4pQmTHnfyGkZ0aN48J1tvzBlhfmiptbQo>




",Uncategorized,<6155ef4e7d4a59c5c9d0c04b0239df77b27aeb09-20061640-111477878@google.com>
Israel begins releasing Palestinian prisoners,alerts@apnews.com,2025-02-15 04:47:28-05:00,,Global News,<20250215044728.38630106.100400@sailthru.com>
